{
  "horizon": 7,
  "feature_names": [
    "return_5d",
    "return_10d",
    "return_20d",
    "return_60d",
    "return_1d",
    "log_return_1d",
    "ma_5",
    "nav_over_ma_5",
    "ma_10",
    "nav_over_ma_10",
    "ma_20",
    "nav_over_ma_20",
    "ma_60",
    "nav_over_ma_60",
    "ma_5_over_20",
    "ma_10_over_60",
    "volatility_5d",
    "volatility_10d",
    "volatility_20d",
    "volatility_60d",
    "momentum_5d",
    "momentum_10d",
    "momentum_20d",
    "momentum_60d",
    "momentum_accel",
    "rsi_6",
    "rsi_14",
    "rsi_28",
    "macd",
    "macd_signal",
    "macd_hist",
    "boll_upper",
    "boll_lower",
    "boll_width",
    "boll_position",
    "drawdown_20d",
    "drawdown_60d",
    "trend_consistency"
  ],
  "metrics": {
    "horizon": 7,
    "n_samples": 1292314,
    "n_features": 38,
    "n_funds": 1006,
    "positive_ratio": 0.539686949147034,
    "gb_avg_auc": 0.6404918025929882,
    "gb_avg_acc": 0.6008728555841863,
    "rf_avg_auc": 0.6224811427369916,
    "rf_avg_acc": 0.5870195231794229,
    "trained_at": "2026-04-28T20:11:50.806709",
    "feature_importance_top10": [
      [
        "rsi_14",
        0.10074511893179883
      ],
      [
        "rsi_28",
        0.09216996317393655
      ],
      [
        "volatility_10d",
        0.08346037216712464
      ],
      [
        "volatility_60d",
        0.07154197975106572
      ],
      [
        "volatility_20d",
        0.060680362026341333
      ],
      [
        "momentum_60d",
        0.05827398415112362
      ],
      [
        "return_60d",
        0.05370361580241891
      ],
      [
        "momentum_accel",
        0.0362571001690739
      ],
      [
        "boll_width",
        0.036016456222699396
      ],
      [
        "volatility_5d",
        0.0306604747986574
      ]
    ]
  }
}