{
  "horizon": 90,
  "feature_names": [
    "return_5d",
    "return_10d",
    "return_20d",
    "return_60d",
    "return_1d",
    "log_return_1d",
    "ma_5",
    "nav_over_ma_5",
    "ma_10",
    "nav_over_ma_10",
    "ma_20",
    "nav_over_ma_20",
    "ma_60",
    "nav_over_ma_60",
    "ma_5_over_20",
    "ma_10_over_60",
    "volatility_5d",
    "volatility_10d",
    "volatility_20d",
    "volatility_60d",
    "momentum_5d",
    "momentum_10d",
    "momentum_20d",
    "momentum_60d",
    "momentum_accel",
    "rsi_6",
    "rsi_14",
    "rsi_28",
    "macd",
    "macd_signal",
    "macd_hist",
    "boll_upper",
    "boll_lower",
    "boll_width",
    "boll_position",
    "drawdown_20d",
    "drawdown_60d",
    "trend_consistency"
  ],
  "metrics": {
    "horizon": 90,
    "n_samples": 261582,
    "n_features": 38,
    "n_funds": 200,
    "positive_ratio": 0.5262403376379109,
    "gb_avg_auc": 0.6960705024709612,
    "gb_avg_acc": 0.635754753767461,
    "rf_avg_auc": 0.6618852539521539,
    "rf_avg_acc": 0.609936463518132,
    "trained_at": "2026-04-28T13:58:46.019132",
    "feature_importance_top10": [
      [
        "volatility_60d",
        0.2031128204095311
      ],
      [
        "volatility_20d",
        0.0985387721201923
      ],
      [
        "boll_lower",
        0.07916501725281469
      ],
      [
        "rsi_28",
        0.05633217765316858
      ],
      [
        "drawdown_60d",
        0.05431728203674272
      ],
      [
        "return_60d",
        0.05386257537715551
      ],
      [
        "boll_width",
        0.05020212868042499
      ],
      [
        "ma_60",
        0.04908285012651636
      ],
      [
        "momentum_60d",
        0.04338875796622695
      ],
      [
        "ma_10_over_60",
        0.03963853192833912
      ]
    ]
  }
}