{
  "horizon": 90,
  "feature_names": [
    "return_5d",
    "return_10d",
    "return_20d",
    "return_60d",
    "return_1d",
    "log_return_1d",
    "ma_5",
    "nav_over_ma_5",
    "ma_10",
    "nav_over_ma_10",
    "ma_20",
    "nav_over_ma_20",
    "ma_60",
    "nav_over_ma_60",
    "ma_5_over_20",
    "ma_10_over_60",
    "volatility_5d",
    "volatility_10d",
    "volatility_20d",
    "volatility_60d",
    "momentum_5d",
    "momentum_10d",
    "momentum_20d",
    "momentum_60d",
    "momentum_accel",
    "rsi_6",
    "rsi_14",
    "rsi_28",
    "macd",
    "macd_signal",
    "macd_hist",
    "boll_upper",
    "boll_lower",
    "boll_width",
    "boll_position",
    "drawdown_20d",
    "drawdown_60d",
    "trend_consistency"
  ],
  "metrics": {
    "horizon": 90,
    "n_samples": 1292314,
    "n_features": 38,
    "n_funds": 1006,
    "positive_ratio": 0.5516824858354858,
    "gb_avg_auc": 0.6723402279293973,
    "gb_avg_acc": 0.6293873760939712,
    "rf_avg_auc": 0.6258469291656,
    "rf_avg_acc": 0.5963024351742229,
    "trained_at": "2026-04-29T05:16:42.667536",
    "feature_importance_top10": [
      [
        "volatility_60d",
        0.19470504314331835
      ],
      [
        "volatility_20d",
        0.11880315914802686
      ],
      [
        "boll_lower",
        0.11074057324932995
      ],
      [
        "rsi_28",
        0.05829023668779486
      ],
      [
        "return_60d",
        0.05077376237210154
      ],
      [
        "volatility_10d",
        0.04836877270619962
      ],
      [
        "drawdown_60d",
        0.04766277617810655
      ],
      [
        "momentum_60d",
        0.046882708597805266
      ],
      [
        "boll_width",
        0.03138033055877774
      ],
      [
        "ma_10_over_60",
        0.030477953356517762
      ]
    ]
  }
}