{
  "horizon": 30,
  "feature_names": [
    "return_5d",
    "return_10d",
    "return_20d",
    "return_60d",
    "return_1d",
    "log_return_1d",
    "ma_5",
    "nav_over_ma_5",
    "ma_10",
    "nav_over_ma_10",
    "ma_20",
    "nav_over_ma_20",
    "ma_60",
    "nav_over_ma_60",
    "ma_5_over_20",
    "ma_10_over_60",
    "volatility_5d",
    "volatility_10d",
    "volatility_20d",
    "volatility_60d",
    "momentum_5d",
    "momentum_10d",
    "momentum_20d",
    "momentum_60d",
    "momentum_accel",
    "rsi_6",
    "rsi_14",
    "rsi_28",
    "macd",
    "macd_signal",
    "macd_hist",
    "boll_upper",
    "boll_lower",
    "boll_width",
    "boll_position",
    "drawdown_20d",
    "drawdown_60d",
    "trend_consistency"
  ],
  "metrics": {
    "horizon": 30,
    "n_samples": 1292314,
    "n_features": 38,
    "n_funds": 1006,
    "positive_ratio": 0.540565218669766,
    "gb_avg_auc": 0.6716029837204743,
    "gb_avg_acc": 0.6246758130789052,
    "rf_avg_auc": 0.6406393139827442,
    "rf_avg_acc": 0.6014234974580402,
    "trained_at": "2026-04-29T00:45:46.979132",
    "feature_importance_top10": [
      [
        "volatility_20d",
        0.15294948620785762
      ],
      [
        "volatility_60d",
        0.1525124296860489
      ],
      [
        "rsi_28",
        0.1203448398982848
      ],
      [
        "volatility_10d",
        0.06461431585829483
      ],
      [
        "return_60d",
        0.04006407990954898
      ],
      [
        "momentum_60d",
        0.038951440873987525
      ],
      [
        "rsi_14",
        0.037004535613154574
      ],
      [
        "volatility_5d",
        0.03678033778803032
      ],
      [
        "macd_hist",
        0.035889540144252545
      ],
      [
        "nav_over_ma_60",
        0.03425610968420603
      ]
    ]
  }
}